iter	Logloss
0	0.6691757661
1	0.6489284136
2	0.6345014509
3	0.61988356
4	0.60437404
5	0.5890704034
6	0.5752076022
7	0.5621316115
8	0.5498995044
9	0.5375592883
10	0.5267130223
11	0.5217642475
12	0.5159474243
13	0.5066251807
14	0.4990572205
15	0.4937559313
16	0.4844195648
17	0.4780919225
18	0.473139648
19	0.468448197
20	0.4631187164
21	0.4557877141
22	0.4476423734
23	0.445226281
24	0.4414411904
25	0.4347653807
26	0.4312407695
27	0.4271222615
28	0.4225094522
29	0.4171737716
