iter	Logloss
0	0.6504849792
1	0.6196262836
2	0.5853501558
3	0.5613338947
4	0.542988658
5	0.5270773768
6	0.5127544403
7	0.5009998679
8	0.4917376339
9	0.47985816
10	0.4717067182
11	0.4641754627
12	0.4596010745
13	0.4545431137
14	0.448031038
15	0.4432529807
16	0.4390967488
17	0.432467401
18	0.4256919622
19	0.4215498567
20	0.4172900319
21	0.4137800336
22	0.4110440612
23	0.4072294235
24	0.4037546515
25	0.4011884332
26	0.3980225325
27	0.3950170279
28	0.3935540318
29	0.3911833167
