iter	Logloss
0	0.654836767
1	0.6208864668
2	0.5906851665
3	0.5684005864
4	0.5514320495
5	0.5369854859
6	0.525438983
7	0.5154469523
8	0.5067632734
9	0.4976111855
10	0.4908124924
11	0.4792420091
12	0.4737873259
13	0.4690673692
14	0.4617376199
15	0.4572680136
16	0.4541200452
17	0.4471805971
18	0.4415654978
19	0.437575829
20	0.4336562845
21	0.4299169066
22	0.4265011312
23	0.4224811069
24	0.4186370191
25	0.4154822885
26	0.4120132198
27	0.4073081876
28	0.4045046149
29	0.401457871
