iter	Logloss
0	0.649559319
1	0.6137628555
2	0.5828919411
3	0.5600301027
4	0.5402407646
5	0.5252445936
6	0.5120666027
7	0.5009675026
8	0.4901280403
9	0.4787571728
10	0.4711940289
11	0.4617007077
12	0.4566530883
13	0.4513221979
14	0.4450085163
15	0.4410780668
16	0.4381330311
17	0.4316928089
18	0.4275301397
19	0.4226628542
20	0.4181065857
21	0.4143197536
22	0.4105982184
23	0.4065002501
24	0.4028695226
25	0.3994542658
26	0.396807313
27	0.3914238513
28	0.3890656829
29	0.386744678
